<?xml version="1.0" encoding="UTF-8"?>
<beans xmlns="http://www.springframework.org/schema/beans"
    xmlns:xsi="http://www.w3.org/2001/XMLSchema-instance" 
    xmlns:context="http://www.springframework.org/schema/context"
    xmlns:mvc="http://www.springframework.org/schema/mvc"
    xsi:schemaLocation="
        http://www.springframework.org/schema/beans
        http://www.springframework.org/schema/beans/spring-beans.xsd
        http://www.springframework.org/schema/context
        http://www.springframework.org/schema/context/spring-context.xsd
        http://www.springframework.org/schema/mvc
        http://www.springframework.org/schema/mvc/spring-mvc.xsd">
        
        
         <context:component-scan base-package="com.springmvc"></context:component-scan>
        <mvc:resources mapping = "/img/**" location = "/img/" />
        <mvc:annotation-driven />
        
        <bean id="viewResolver" class="org.springframework.web.servlet.view.InternalResourceViewResolver">
        	<property name="prefix">
        		<value>/WEB-INF/view/</value>
        	</property>
        	<property name="suffix">
        		<value>.jsp</value>
        	</property>
        </bean>
        
        <bean id="ds" class="org.springframework.jdbc.datasource.DriverManagerDataSource">
        	<property name="driverClassName" value="com.mysql.jdbc.Driver"></property>
        	<property name="url" value="jdbc:mysql://localhost:4306/db_virtualgalaxy"></property>
        	<property name="username" value="root"></property>
        	<property name="password" value=""></property>
        </bean>
        
        <bean id="jdbctemplate" class="org.springframework.jdbc.core.JdbcTemplate">
        	<property name="dataSource" ref="ds"></property>
        </bean>
        
        <bean id="dao" class="com.springmvc.MainDao">
        	<property name="jdbctemplate" ref="jdbctemplate"></property>
        </bean>
        
        </beans>